{"cameraMode":{"drawMode":0,"name":"Shaded","section":"Shading Mode"},"sceneLighting":true,"audioPlay":false,"sceneViewState":{"showFog":true,"showMaterialUpdate":false,"showSkybox":true,"showFlares":true,"showImageEffects":true,"showParticleSystems":true},"in2DMode":false,"pivot":{"x":-1.2253667116165162,"y":1.7870928049087525,"z":1.1003133058547974},"rotation":{"x":-0.003309599356725812,"y":0.009596855379641056,"z":-0.000032012321753427386,"w":-0.9999536871910095},"size":3.868246555328369,"orthographic":true}