{"cameraMode":{"drawMode":0,"name":"Shaded","section":"Shading Mode"},"sceneLighting":false,"audioPlay":false,"sceneViewState":{"showFog":true,"showMaterialUpdate":false,"showSkybox":false,"showFlares":true,"showImageEffects":true,"showParticleSystems":true},"in2DMode":false,"pivot":{"x":-0.3865879774093628,"y":2.548496723175049,"z":3.8381476402282717},"rotation":{"x":-0.003309599356725812,"y":0.009596855379641056,"z":-0.000032012321753427386,"w":-0.9999536871910095},"size":4.021472454071045,"orthographic":true}